<?xml version="1.0" encoding="UTF-8"?>
<!DOCTYPE mapper
        PUBLIC "-//mybatis.org//DTD Mapper 3.0//EN"
        "http://mybatis.org/dtd/mybatis-3-mapper.dtd">
<mapper namespace="com.oddfar.campus.business.mapper.CampusNoticeMapper">

    <resultMap id="BaseResultMap" type="com.oddfar.campus.business.domain.entity.CampusNotice">
            <id property="noticeId" column="notice_id" jdbcType="BIGINT"/>
            <result property="title" column="title" jdbcType="VARCHAR"/>
            <result property="content" column="content" jdbcType="VARCHAR"/>
            <result property="createTime" column="create_time" jdbcType="TIMESTAMP"/>
            <result property="createUser" column="create_user" jdbcType="BIGINT"/>
            <result property="updateTime" column="update_time" jdbcType="TIMESTAMP"/>
        <result property="delFlag" column="del_flag" jdbcType="INTEGER"/>
    </resultMap>

    <sql id="Base_Column_List">
        notice_id,title,content,
        create_time,create_user,update_time,
        update_user,del_flag
    </sql>
</mapper>
