<?xml version="1.0" encoding="UTF-8"?>
<!DOCTYPE mapper
        PUBLIC "-//mybatis.org//DTD Mapper 3.0//EN"
        "http://mybatis.org/dtd/mybatis-3-mapper.dtd">
<mapper namespace="com.oddfar.campus.business.mapper.CampusMessageMapper">

    <resultMap id="BaseResultMap" type="com.oddfar.campus.business.domain.entity.CampusMessage">
            <id property="messageId" column="message_id" jdbcType="BIGINT"/>
            <result property="content" column="content" jdbcType="VARCHAR"/>
            <result property="createTime" column="create_time" jdbcType="TIMESTAMP"/>
            <result property="createUser" column="create_user" jdbcType="BIGINT"/>
            <result property="updateTime" column="update_time" jdbcType="TIMESTAMP"/>
            <result property="updateUser" column="update_user" jdbcType="BIGINT"/>
    </resultMap>

    <sql id="Base_Column_List">
        message_id,content,create_time,
        create_user,update_time,update_user
    </sql>
</mapper>
